<?xml version="1.0"?>
<instance entity-name="altera_fir_compiler_ii" version="11.0" >
<generic name="deviceFamily" value="Cyclone IV E" />
<generic name="filterType" value="Single Rate" />
<generic name="interpFactor" value="1" />
<generic name="decimFactor" value="1" />
<generic name="L_bandsFilter" value="All taps" />
<generic name="clockRate" value="1" />
<generic name="clockSlack" value="0" />
<generic name="speedGrade" value="Medium" />
<generic name="coeffReload" value="false" />
<generic name="baseAddress" value="0" />
<generic name="readWriteMode" value="Read/Write" />
<generic name="backPressure" value="false" />
<generic name="symmetryMode" value="Non Symmetry" />
<generic name="delayRAMBlockThreshold" value="20" />
<generic name="dualMemDistRAMThreshold" value="1280" />
<generic name="mRAMThreshold" value="1000000" />
<generic name="hardMultiplierThreshold" value="-1" />
<generic name="inputRate" value="1" />
<generic name="inputChannelNum" value="1" />
<generic name="inputType" value="Signed Binary" />
<generic name="inputBitWidth" value="16" />
<generic name="inputFracBitWidth" value="0" />
<generic name="coeffSetRealValue" value="-2621.0,2950.0,-3924.0,5500.0,-7608.0,10157.0,-13036.0,16118.0,-19269.0,22351.0,-25230.0,27779.0,-29888.0,31463.0,-32437.0,32767.0,-32437.0,31463.0,-29888.0,27779.0,-25230.0,22351.0,-19269.0,16118.0,-13036.0,10157.0,-7608.0,5500.0,-3924.0,2950.0,-2621.0" />
<generic name="coeffType" value="Signed Binary" />
<generic name="coeffBitWidth" value="16" />
<generic name="coeffFracBitWidth" value="0" />
<generic name="outType" value="Signed Binary" />
<generic name="outMSBRound" value="Truncation" />
<generic name="outMsbBitRem" value="2" />
<generic name="outLSBRound" value="Rounding" />
<generic name="outLsbBitRem" value="19" />
<generic name="resoureEstimation" value="1000,1200,10" />
<generic name="bankCount" value="1" />
<generic name="bankDisplay" value="0" />
</instance>
