<?xml version="1.0" encoding="UTF-8"?>
<preferences>
 <debug showDebugMenu="0" />
 <systemtable filter="Default">
  <columns>
   <opcodeName visible="0" />
   <connections preferredWidth="271" />
   <irq preferredWidth="34" />
   <export visible="0" />
  </columns>
 </systemtable>
 <clocktable>
  <columns>
   <clockname preferredWidth="292" />
   <clocksource preferredWidth="291" />
   <frequency preferredWidth="272" />
  </columns>
 </clocktable>
 <window width="1382" height="744" x="-8" y="-8" />
 <library
   expandedCategories="Project/University Program DE2 Board,Library/Peripherals/Microcontroller Peripherals,Project,Library/Peripherals,Library" />
</preferences>
